"alpha2_code","name","region","jurisdiction_type","immigration_rule_status","missing_gates","operator_status","proposed_relationship","parent_code","authority_name","authority_type","authority_url","official_source_name","official_source_url","source_domain","evidence_title","evidence_url","evidence_rationale","technical_probe_status","research_notes"
"AO","Angola","Africa","country","unassessed","reviewed_primary_authority;reviewed_primary_source;fresh_monitor;verified_rule;immigration_rule_assessment","research_candidate_ready_for_human_review","independent","","Serviço de Migração e Estrangeiros (SME)","immigration_authority","https://www.sme.gov.ao/ao/","SME eVISA","https://www.sme.gov.ao/ao/perguntas-frequentes/evisa-english-version/","visa","eVISA — Migration and Foreigners Service","https://www.sme.gov.ao/ao/perguntas-frequentes/evisa-english-version/","The official SME page identifies SME as the Ministry of Interior body responsible for entry, transit, exit and control of foreign citizens, and publishes visa categories.","local_probe_passed","Good authority evidence. Keep initial certification limited to visa and border-migration functions explicitly described by SME."
"BJ","Benin","Africa","country","unassessed","reviewed_primary_authority;reviewed_primary_source;fresh_monitor;verified_rule;immigration_rule_assessment","research_candidate_ready_for_human_review","independent","","Direction de l'Émigration et de l'Immigration (DEI)","immigration_authority","https://dei.gouv.bj/","Benin e-Visa","https://evisa.bj","visa","DEI services and official Benin e-Visa","https://dei.gouv.bj/services/","The official DEI site lists electronic and other visa services and residence-card services, while the Government of Benin e-Visa portal accepts visa applications.","local_probe_passed_after_redirect_review","The originally researched Government of Benin URL https://evisa.gouv.bj/ redirected over HTTPS to https://evisa.bj. The official DEI website explicitly directs applicants to www.evisa.bj. Redirect reviewed and accepted."
"BW","Botswana","Africa","country","unassessed","reviewed_primary_authority;reviewed_primary_source;fresh_monitor;verified_rule;immigration_rule_assessment","research_candidate_ready_for_human_review","independent","","Department of Immigration and Citizenship","immigration_authority","https://www.gov.bw/immigration-and-civil-registration","Botswana e-Visa","https://evisa.gov.bw/","visa","Botswana visa applications and e-Visa services","https://www.gov.bw/visa-applications/visa-application-tourism-visa","Botswana's government portal identifies the Department of Immigration and Citizenship and publishes visa application services, including online e-Visa access.","local_probe_passed","Legacy government pages use more than one ministry label. Certify the Department first and require human confirmation of the current parent ministry."
"IO","British Indian Ocean Territory","Africa","territory","unassessed","reviewed_primary_authority;reviewed_primary_source;fresh_monitor;verified_rule;immigration_rule_assessment","relationship_review_required","shared","GB","British Indian Ocean Territory Administration","territory_administration","https://www.biot.gov.io/","BIOT visa and prior-approval requirements","https://www.biot.gov.io/visiting/visa-requirements/","visa","Visa requirements — British Indian Ocean Territory","https://www.biot.gov.io/visiting/visa-requirements/","The official BIOT Administration states that no visa is required but prior approval is mandatory, with permits required for visiting yachts and restricted access to the Territory.","local_probe_passed","Proposed as shared with GB because BIOT entry rules are administered by the Territory under UK overseas-territory governance. Legal and sovereignty status is sensitive and must receive specialist review before submission."
"BF","Burkina Faso","Africa","country","unassessed","reviewed_primary_authority;reviewed_primary_source;fresh_monitor;verified_rule;immigration_rule_assessment","research_candidate_ready_for_human_review","independent","","Ministry of Security / Directorate General of National Police — Migration Division","immigration_authority","https://www.visaburkina.bf/en/home/","Visa Burkina eVisa","https://www.visaburkina.bf/en/home/","visa","Detailed eVisa procedure — Visa Burkina","https://www.visaburkina.bf/en/home/","The official Visa Burkina site is operated by the Ministry of Security and Directorate General of National Police, and publishes entry conditions and online visa procedures.","local_probe_passed","The source identifies the Migration Division and provides official eVisa workflow. Keep the first assertion limited to services and visa-entry information visible in the captured snapshot."
"BI","Burundi","Africa","country","unassessed","reviewed_primary_authority;reviewed_primary_source;fresh_monitor;verified_rule;immigration_rule_assessment","research_candidate_ready_for_human_review","independent","","Ministry of Foreign Affairs, Regional Integration and Development Cooperation","foreign_affairs_visa_authority","https://www.mae.gov.bi/","Burundi visa application forms","https://www.mae.gov.bi/en/visa-application-forms/","visa","Visa application forms — Ministry of Foreign Affairs","https://www.mae.gov.bi/en/visa-application-forms/","The official Burundi Ministry of Foreign Affairs site publishes visa application forms and visa-service categories.","local_probe_passed","Official source, but the wider site has content-hygiene concerns. Use a narrowly captured visa page, inspect the snapshot carefully and reject unrelated page content."
"CV","Cabo Verde","Africa","country","unassessed","reviewed_primary_authority;reviewed_primary_source;fresh_monitor;verified_rule;immigration_rule_assessment","research_candidate_ready_for_human_review","independent","","Ministry of Foreign Affairs, Cooperation and Regional Integration — Consular Services","foreign_affairs_visa_authority","https://portalconsular.mnec.gov.cv/","Cabo Verde Consular Portal — Visas","https://portalconsular.mnec.gov.cv/en/vistos","visa","Visas — Cabo Verde Consular Portal","https://portalconsular.mnec.gov.cv/en/vistos","The official consular portal describes visa exemptions, visa types, application channels, residence visas and pre-registration requirements.","local_probe_passed","Visa rules changed for some nationalities from January 2026. Capture a fresh immutable snapshot and avoid broad statements beyond the exact current page."
"CM","Cameroon","Africa","country","unassessed","reviewed_primary_authority;reviewed_primary_source;fresh_monitor;verified_rule;immigration_rule_assessment","research_candidate_ready_for_human_review","independent","","Ministry of External Relations (MINREX)","foreign_affairs_visa_authority","https://www.diplocam.cm/","Cameroon Consular Services Portal — e-Visa","https://www.evisacam.cm/","visa","e-Visa — Ministry of External Relations","https://www.diplocam.cm/e-visa/","The official Ministry of External Relations site provides the e-Visa service, and the Republic of Cameroon consular portal accepts visa applications.","local_probe_passed","The transactional portal is dynamic. Use the MINREX e-Visa information page as evidence and probe evisacam.cm separately before monitoring."
"CF","Central African Republic","Africa","country","unassessed","reviewed_primary_authority;reviewed_primary_source;fresh_monitor;verified_rule;immigration_rule_assessment","research_candidate_ready_for_human_review","independent","","Ministry of Foreign Affairs / Embassy of the Central African Republic in France","foreign_affairs_visa_authority","https://paris.diplomatie.gouv.cf/","Central African Republic short-stay visa service","https://paris.diplomatie.gouv.cf/services/24/visa-court-sejour","visa","Visa court séjour","https://paris.diplomatie.gouv.cf/services/24/visa-court-sejour","The official diplomatic mission site publishes online and paper short-stay visa application channels and links to official application materials.","local_probe_passed","This is an official embassy source rather than a central immigration portal. Certify only the consular visa scope and search for a central authority source in a later tranche."
